{"cameraMode":{"drawMode":0,"name":"Shaded","section":"Shading Mode"},"sceneLighting":false,"audioPlay":false,"sceneViewState":{"m_AlwaysRefresh":true,"showFog":true,"showSkybox":true,"showFlares":true,"showImageEffects":true,"showParticleSystems":true,"showVisualEffectGraphs":true,"m_FxEnabled":true},"in2DMode":false,"pivot":{"x":-0.009779907763004303,"y":0.3677496910095215,"z":-0.45709529519081118},"rotation":{"x":-0.1363745480775833,"y":-0.011296120472252369,"z":0.001555094262585044,"w":-0.9905924797058106},"size":10.301346778869629,"orthographic":false}