{"cameraMode":{"drawMode":0,"name":"Shaded","section":"Shading Mode"},"sceneLighting":false,"audioPlay":false,"sceneViewState":{"m_AlwaysRefresh":true,"showFog":true,"showSkybox":true,"showFlares":true,"showImageEffects":true,"showParticleSystems":true,"showVisualEffectGraphs":true,"m_FxEnabled":true},"in2DMode":false,"pivot":{"x":25.707584381103517,"y":12.113082885742188,"z":101.11817932128906},"rotation":{"x":-0.0056858486495912079,"y":0.035986654460430148,"z":0.00020791427232325077,"w":0.9993260502815247},"size":65.09123992919922,"orthographic":false}